reply,video
Ugyt3r8iYyQahzfsvgp4AaABAg.AEsFKK3v-N-AF3SbBr1og_,5M9Q67sxBKc
UgwWp8UqjTwZxRHe12h4AaABAg.AF1QDJDW66BAF3SbFcVpVY,pX-GvMz7xzk
UgzSN7oDEY1M7jpMk5V4AaABAg.AF0qNuGZhyZAF3SbJZWZYP,pX-GvMz7xzk
UgyaosW7L9ES569_7Nx4AaABAg.AF1Teq-fivBAF3SbFa-tDn,pX-GvMz7xzk
UgxwA0M_yM6ewZ2vb4l4AaABAg.AF0VCMFzswLAF3SbCgaNQF,ExvU14CaHbE
Ugz8MW1jLlqvE1vVyON4AaABAg.AF0sqf2EsWxAF3SbBx_gPc,ExvU14CaHbE
UgzWZ_1Kg2MCiCYaGWl4AaABAg.AF0D5wXfIGDAF3SbBy1Ue8,ExvU14CaHbE
UgxPHF3r-pKDtvg-a6x4AaABAg.AEonDlpNX9jAF3SbBrqub-,xoMESnEpeDM
UgwGfGZi475iStAAzdZ4AaABAg.AEx1Y8mTv_WAF3SbBYXYp0,xoMESnEpeDM
UgzBYyEvw99egnAgut94AaABAg.AEnYlHZnCVxAF3SbBswi4X,xoMESnEpeDM
UgwxDSBRv5M01tCkrXh4AaABAg.AEweae3HS30AF3SbE2GNsp,OhOxdGKvVXI
Ugw0MvfeioqxnCCG2YF4AaABAg.AEw_7nXUWTWAF3SbCO-Dkx,OhOxdGKvVXI
Ugz4GslASm3ctzBwld14AaABAg.AEwSdRSOo23AF3SbE2eg8U,OhOxdGKvVXI
Ugx4K1_YrYkU2_UXLcN4AaABAg.AEyc6dvFWijAF3SbBrNvUJ,2XSNgQKmvEM
UgwdsdWbef-dul3ERIl4AaABAg.AEyHrLa5PoFAF3SbBzg-Cs,2XSNgQKmvEM
Ugwg4aXRpzLoT5deRIZ4AaABAg.AF0PErzBwoOAF3SbC-WTuZ,2XSNgQKmvEM
UgwpSLtWdMLLZwaCL4N4AaABAg.AEyfmdpmaTlAF3SbBrRHMh,Rkoq1CPsqlg
Ugz-7D8CF5SCsO4gyZN4AaABAg.AEy2AxF4GUiAF3SbD2STyM,Rkoq1CPsqlg
UgzIugKsrkSe-yhgZgV4AaABAg.AEvd8GKNZaVAF3SbC6LdpE,Rkoq1CPsqlg
UgzcrKxX14Mkk2jQcmh4AaABAg.AF-1kcNmZSzAF3SbBl2uat,Z0vsD8J-0_4
UgyI1EOm3uIIveupJ6R4AaABAg.AEzoTCCKXMRAF3SbBpVT95,Z0vsD8J-0_4
UgzkVuX0qqZ7ZFaMmlJ4AaABAg.AEzd2CFSSwpAF3SbC9qGqN,Z0vsD8J-0_4
UgzKpFSgjF69JdOnLmd4AaABAg.AF30Yeg6N9-AF3SbDXGakP,M_KNDtKJJ-8
UgzzD1f-b6ee0FQ6Egx4AaABAg.AF2eH_u-h_UAF3SbCFefOB,M_KNDtKJJ-8
Ugw8RyNBfVLuzX4GBw14AaABAg.AF2c3Z6AkwqAF3SbCWH6nx,M_KNDtKJJ-8
UgwneFyT_zNI1XWLs5J4AaABAg.AEtxfjdgTi2AF3SbBbb2Ey,rPKiHfN9VPo
Ugzt_scC0Uq0i1vjHVF4AaABAg.AEzfVy1dPSUAF3SbBt5g4R,l7QiQSivnAc
UgwTiPn2NdxLsFpmJnx4AaABAg.AF0El-HhN6JAF3SbBuvkA7,l7QiQSivnAc
UgwcRExn3AAEvkFKkLZ4AaABAg.AF-tuMD2WZHAF3SbG4SLKk,l7QiQSivnAc
UgxPr2xD0_UQbSui7094AaABAg.AF2grPsOpm2AF3SbCAkIhB,hEHwr5k9pd0
UgxJ6rGgAROoclXoi-p4AaABAg.AF2jtlsR0BWAF3SbCQmo4e,hEHwr5k9pd0
UgxPuLDjmowfD2yZ2NF4AaABAg.AF2ss-herPJAF3SbBZk1vV,yo7_px4vXYQ
Ugx8iIUoUipMkfzfrS54AaABAg.AF2vTVm0WzbAF3SbBmPUJS,o0CFeS_EJR4
UgwSEs0aDiz3sjikS2F4AaABAg.AF1IRyBA4bzAF3SbBlGdH7,qF4vZxbSmjo
Ugz6D9sqWrDrRy0ioSl4AaABAg.AF1ZYhiW81_AF3SbBp2cZz,qF4vZxbSmjo
Ugxg_WKaSwOjbSBTPxF4AaABAg.AF2xJPdscBgAF3SbCAMohb,W7FTkUFU7nw
UgwLNo_Lmxw8iBvFveJ4AaABAg.AF2gpK22J48AF3SbBXi_n7,W7FTkUFU7nw
Ugyy-QHyWFeKLjq-hHN4AaABAg.AF2jBOZ3qniAF3SbC6xctL,W7FTkUFU7nw
Ugzppp1Nf_zOdVkozsB4AaABAg.AF-bbwGoMuxAF3SbBgkXz7,28__O2Ngc74
UgyyrZfkPSnum1M6qRh4AaABAg.AEyiVO4bkkzAF3SbG2Uh2d,28__O2Ngc74
